[
  {
    "id": "1",
    "name": "Allen Raymond",
    "email": "nulla.ante@vestibul.co.uk",
    "phone": "(992) 914-3792"
  },
  {
    "id": "2",
    "name": "Chaim Lewis",
    "email": "dui.in@egetlacus.ca",
    "phone": "(294) 840-6685"
  },
  {
    "id": "3",
    "name": "Kennedy Lane",
    "email": "mattis.Cras@nonenimMauris.net",
    "phone": "(542) 451-7038"
  },
  {
    "id": "4",
    "name": "Wylie Pope",
    "email": "est@utquamvel.net",
    "phone": "(692) 802-2949"
  },
  {
    "id": "5",
    "name": "Cyrus Jackson",
    "email": "nibh@semsempererat.com",
    "phone": "(501) 472-5218"
  },
  {
    "id": "6",
    "name": "Abbot Franks",
    "email": "scelerisque@magnis.org",
    "phone": "(186) 568-3720"
  },
  {
    "id": "7",
    "name": "Reuben Henry",
    "email": "pharetra.ut@dictum.co.uk",
    "phone": "(715) 598-5792"
  },
  {
    "id": "8",
    "name": "Simon Morton",
    "email": "dui.Fusce.diam@Donec.com",
    "phone": "(233) 738-2360"
  },
  {
    "id": "9",
    "name": "Thomas Lucas",
    "email": "nec@Nulla.com",
    "phone": "(704) 398-7993"
  },
  {
    "id": "10",
    "name": "Alec",
    "email": "Donec.elementum@scelerisquescelerisquedui.net",
    "phone": "(1111) 206-5555"
  },
  {
    "id": "YybouELpGlpuKz1ctjF2k",
    "name": "Alex Rodjfjgi",
    "email": "Alex@vestibul.com",
    "phone": "(988) 1111-2565"
  },
  {
    "id": "J1r1to9gWGQYaOnTD8xfS",
    "name": "Alex Rodjfjgi",
    "email": "Alex@vestibul.com",
    "phone": "(988) 1111-2565"
  }
]